id,id_terreno,id_hibrido,year,siembra,cosecha,condiciones
1,5,6,2017,6/30/2017,11/2/2017,Temporal
2,5,12,2017,6/30/2017,11/2/2017,Temporal
3,5,20,2017,6/30/2017,11/2/2017,Temporal
4,5,22,2017,6/30/2017,11/2/2017,Temporal
5,5,23,2017,6/30/2017,11/2/2017,Temporal
6,5,24,2017,6/30/2017,11/2/2017,Temporal
7,5,25,2017,6/30/2017,11/2/2017,Temporal
8,5,28,2017,6/30/2017,11/2/2017,Temporal
9,5,36,2017,6/30/2017,11/2/2017,Temporal
10,5,44,2017,6/30/2017,11/2/2017,Temporal
11,5,45,2017,6/30/2017,11/2/2017,Temporal
12,5,46,2017,6/30/2017,11/2/2017,Temporal
13,5,47,2017,6/30/2017,11/2/2017,Temporal
14,5,48,2017,6/30/2017,11/2/2017,Temporal
15,5,54,2017,6/30/2017,11/2/2017,Temporal
16,5,56,2017,6/30/2017,11/2/2017,Temporal
17,5,62,2017,6/30/2017,11/2/2017,Temporal
18,5,66,2017,6/30/2017,11/2/2017,Temporal
19,5,67,2017,6/30/2017,11/2/2017,Temporal
20,5,70,2017,6/30/2017,11/2/2017,Temporal
21,5,71,2017,6/30/2017,11/2/2017,Temporal
22,5,72,2017,6/30/2017,11/2/2017,Temporal
23,5,73,2017,6/30/2017,11/2/2017,Temporal
24,5,74,2017,6/30/2017,11/2/2017,Temporal
25,5,76,2017,6/30/2017,11/2/2017,Temporal
26,5,77,2017,6/30/2017,11/2/2017,Temporal
27,5,78,2017,6/30/2017,11/2/2017,Temporal
28,5,79,2017,6/30/2017,11/2/2017,Temporal
29,5,80,2017,6/30/2017,11/2/2017,Temporal
30,5,85,2017,6/30/2017,11/2/2017,Temporal
31,5,95,2017,6/30/2017,11/2/2017,Temporal
32,5,97,2017,6/30/2017,11/2/2017,Temporal
33,5,98,2017,6/30/2017,11/2/2017,Temporal
34,5,104,2017,6/30/2017,11/2/2017,Temporal
35,5,105,2017,6/30/2017,11/2/2017,Temporal
36,5,106,2017,6/30/2017,11/2/2017,Temporal
37,5,118,2017,6/30/2017,11/2/2017,Temporal
38,5,119,2017,6/30/2017,11/2/2017,Temporal
39,5,120,2017,6/30/2017,11/2/2017,Temporal
40,5,124,2017,6/30/2017,11/2/2017,Temporal
41,5,125,2017,6/30/2017,11/2/2017,Temporal
42,5,137,2017,6/30/2017,11/2/2017,Temporal
43,5,140,2017,6/30/2017,11/2/2017,Temporal
44,5,142,2017,6/30/2017,11/2/2017,Temporal
45,5,145,2017,6/30/2017,11/2/2017,Temporal
46,5,146,2017,6/30/2017,11/2/2017,Temporal
47,5,152,2017,6/30/2017,11/2/2017,Temporal
48,5,156,2017,6/30/2017,11/2/2017,Temporal
49,5,157,2017,6/30/2017,11/2/2017,Temporal
50,5,160,2017,6/30/2017,11/2/2017,Temporal
51,5,177,2017,6/30/2017,11/2/2017,Temporal
52,5,186,2017,6/30/2017,11/2/2017,Temporal
53,5,188,2017,6/30/2017,11/2/2017,Temporal
54,5,192,2017,6/30/2017,11/2/2017,Temporal
55,5,196,2017,6/30/2017,11/2/2017,Temporal
56,5,199,2017,6/30/2017,11/2/2017,Temporal
57,5,200,2017,6/30/2017,11/2/2017,Temporal
58,5,201,2017,6/30/2017,11/2/2017,Temporal
59,2,12,2017,5/31/2017,10/21/2017,Riego
60,2,17,2017,5/31/2017,10/21/2017,Riego
61,2,23,2017,5/31/2017,10/21/2017,Riego
62,2,24,2017,5/31/2017,10/21/2017,Riego
63,2,49,2017,5/31/2017,10/21/2017,Riego
64,2,52,2017,5/31/2017,10/21/2017,Riego
65,2,54,2017,5/31/2017,10/21/2017,Riego
66,2,66,2017,5/31/2017,10/21/2017,Riego
67,2,67,2017,5/31/2017,10/21/2017,Riego
68,2,73,2017,5/31/2017,10/21/2017,Riego
69,2,77,2017,5/31/2017,10/21/2017,Riego
70,2,105,2017,5/31/2017,10/21/2017,Riego
71,2,120,2017,5/31/2017,10/21/2017,Riego
72,2,125,2017,5/31/2017,10/21/2017,Riego
73,2,137,2017,5/31/2017,10/21/2017,Riego
74,2,146,2017,5/31/2017,10/21/2017,Riego
75,2,152,2017,5/31/2017,10/21/2017,Riego
76,2,185,2017,5/31/2017,10/21/2017,Riego
77,2,188,2017,5/31/2017,10/21/2017,Riego
78,2,199,2017,5/31/2017,10/21/2017,Riego
79,2,200,2017,5/31/2017,10/21/2017,Riego
80,2,201,2017,5/31/2017,10/21/2017,Riego
81,1,12,2017,5/27/2017,10/18/2017,Riego
82,1,17,2017,5/27/2017,10/18/2017,Riego
83,1,23,2017,5/27/2017,10/18/2017,Riego
84,1,24,2017,5/27/2017,10/18/2017,Riego
85,1,49,2017,5/27/2017,10/18/2017,Riego
86,1,54,2017,5/27/2017,10/18/2017,Riego
87,1,66,2017,5/27/2017,10/18/2017,Riego
88,1,67,2017,5/27/2017,10/18/2017,Riego
89,1,72,2017,5/27/2017,10/18/2017,Riego
90,1,73,2017,5/27/2017,10/18/2017,Riego
91,1,76,2017,5/27/2017,10/18/2017,Riego
92,1,79,2017,5/27/2017,10/18/2017,Riego
93,1,85,2017,5/27/2017,10/18/2017,Riego
94,1,105,2017,5/27/2017,10/18/2017,Riego
95,1,106,2017,5/27/2017,10/18/2017,Riego
96,1,120,2017,5/27/2017,10/18/2017,Riego
97,1,125,2017,5/27/2017,10/18/2017,Riego
98,1,137,2017,5/27/2017,10/18/2017,Riego
99,1,140,2017,5/27/2017,10/18/2017,Riego
100,1,146,2017,5/27/2017,10/18/2017,Riego
101,1,152,2017,5/27/2017,10/18/2017,Riego
102,1,177,2017,5/27/2017,10/18/2017,Riego
103,1,186,2017,5/27/2017,10/18/2017,Riego
104,1,188,2017,5/27/2017,10/18/2017,Riego
105,1,199,2017,5/27/2017,10/18/2017,Riego
106,1,201,2017,5/27/2017,10/18/2017,Riego
107,3,12,2017,6/15/2017,10/30/2017,Temporal
108,3,24,2017,6/15/2017,10/30/2017,Temporal
109,3,54,2017,6/15/2017,10/30/2017,Temporal
110,3,77,2017,6/15/2017,10/30/2017,Temporal
111,3,105,2017,6/15/2017,10/30/2017,Temporal
112,3,106,2017,6/15/2017,10/30/2017,Temporal
113,3,120,2017,6/15/2017,10/30/2017,Temporal
114,3,125,2017,6/15/2017,10/30/2017,Temporal
115,3,137,2017,6/15/2017,10/30/2017,Temporal
116,3,140,2017,6/15/2017,10/30/2017,Temporal
117,3,146,2017,6/15/2017,10/30/2017,Temporal
118,3,200,2017,6/15/2017,10/30/2017,Temporal
119,3,201,2017,6/15/2017,10/30/2017,Temporal
120,4,12,2017,6/29/2017,11/1/2017,Temporal
121,4,23,2017,6/29/2017,11/1/2017,Temporal
122,4,24,2017,6/29/2017,11/1/2017,Temporal
123,4,72,2017,6/29/2017,11/1/2017,Temporal
124,4,77,2017,6/29/2017,11/1/2017,Temporal
125,4,105,2017,6/29/2017,11/1/2017,Temporal
126,4,120,2017,6/29/2017,11/1/2017,Temporal
127,4,137,2017,6/29/2017,11/1/2017,Temporal
128,4,140,2017,6/29/2017,11/1/2017,Temporal
129,4,146,2017,6/29/2017,11/1/2017,Temporal
130,4,152,2017,6/29/2017,11/1/2017,Temporal
131,4,177,2017,6/29/2017,11/1/2017,Temporal
132,4,188,2017,6/29/2017,11/1/2017,Temporal
133,1,48,2018,5/20/2018,10/10/2018,Riego
134,1,78,2018,5/20/2018,10/10/2018,Riego
135,1,148,2018,5/20/2018,10/10/2018,Riego
136,1,80,2018,5/20/2018,10/10/2018,Riego
137,1,200,2018,5/20/2018,10/10/2018,Riego
138,1,142,2018,5/20/2018,10/10/2018,Riego
139,1,178,2018,5/20/2018,10/10/2018,Riego
140,1,188,2018,5/20/2018,10/10/2018,Riego
141,1,39,2018,5/20/2018,10/10/2018,Riego
142,1,128,2018,5/20/2018,10/10/2018,Riego
143,1,24,2018,5/20/2018,10/10/2018,Riego
144,1,77,2018,5/20/2018,10/10/2018,Riego
145,1,72,2018,5/20/2018,10/10/2018,Riego
146,1,137,2018,5/20/2018,10/10/2018,Riego
147,1,42,2018,5/20/2018,10/10/2018,Riego
148,1,40,2018,5/20/2018,10/10/2018,Riego
149,1,54,2018,5/20/2018,10/10/2018,Riego
150,1,143,2018,5/20/2018,10/10/2018,Riego
151,1,30,2018,5/20/2018,10/10/2018,Riego
152,1,51,2018,5/20/2018,10/10/2018,Riego
153,1,128,2018,5/20/2018,10/10/2018,Riego
154,1,23,2018,5/20/2018,10/10/2018,Riego
155,1,141,2018,5/20/2018,10/10/2018,Riego
156,1,75,2018,5/20/2018,10/10/2018,Riego
157,1,180,2018,5/20/2018,10/10/2018,Riego
158,1,119,2018,5/20/2018,10/10/2018,Riego
159,1,204,2018,5/20/2018,10/10/2018,Riego
160,1,120,2018,5/20/2018,10/10/2018,Riego
161,1,125,2018,5/20/2018,10/10/2018,Riego
162,1,185,2018,5/20/2018,10/10/2018,Riego
163,6,80,2018,6/2/2018,10/23/2018,Riego
164,6,78,2018,6/2/2018,10/23/2018,Riego
165,6,186,2018,6/2/2018,10/23/2018,Riego
166,6,148,2018,6/2/2018,10/23/2018,Riego
167,6,54,2018,6/2/2018,10/23/2018,Riego
168,6,77,2018,6/2/2018,10/23/2018,Riego
169,6,23,2018,6/2/2018,10/23/2018,Riego
170,6,201,2018,6/2/2018,10/23/2018,Riego
171,6,141,2018,6/2/2018,10/23/2018,Riego
172,6,200,2018,6/2/2018,10/23/2018,Riego
173,6,39,2018,6/2/2018,10/23/2018,Riego
174,6,137,2018,6/2/2018,10/23/2018,Riego
175,6,48,2018,6/2/2018,10/23/2018,Riego
176,6,24,2018,6/2/2018,10/23/2018,Riego
177,6,72,2018,6/2/2018,10/23/2018,Riego
178,6,188,2018,6/2/2018,10/23/2018,Riego
179,6,125,2018,6/2/2018,10/23/2018,Riego
180,2,48,2018,5/25/2018,10/12/2018,Riego
181,2,78,2018,5/25/2018,10/12/2018,Riego
182,2,148,2018,5/25/2018,10/12/2018,Riego
183,2,80,2018,5/25/2018,10/12/2018,Riego
184,2,200,2018,5/25/2018,10/12/2018,Riego
185,2,142,2018,5/25/2018,10/12/2018,Riego
186,2,178,2018,5/25/2018,10/12/2018,Riego
187,2,188,2018,5/25/2018,10/12/2018,Riego
188,2,39,2018,5/25/2018,10/12/2018,Riego
189,2,128,2018,5/25/2018,10/12/2018,Riego
190,2,24,2018,5/25/2018,10/12/2018,Riego
191,2,77,2018,5/25/2018,10/12/2018,Riego
192,2,72,2018,5/25/2018,10/12/2018,Riego
193,2,137,2018,5/25/2018,10/12/2018,Riego
194,2,42,2018,5/25/2018,10/12/2018,Riego
195,2,40,2018,5/25/2018,10/12/2018,Riego
196,2,54,2018,5/25/2018,10/12/2018,Riego
197,2,143,2018,5/25/2018,10/12/2018,Riego
198,2,30,2018,5/25/2018,10/12/2018,Riego
199,2,51,2018,5/25/2018,10/12/2018,Riego
200,2,92,2018,5/25/2018,10/12/2018,Riego
201,2,23,2018,5/25/2018,10/12/2018,Riego
202,2,141,2018,5/25/2018,10/12/2018,Riego
203,2,75,2018,5/25/2018,10/12/2018,Riego
204,2,180,2018,5/25/2018,10/12/2018,Riego
205,2,119,2018,5/25/2018,10/12/2018,Riego
206,2,204,2018,5/25/2018,10/12/2018,Riego
207,2,120,2018,5/25/2018,10/12/2018,Riego
208,2,125,2018,5/25/2018,10/12/2018,Riego
209,2,185,2018,5/25/2018,10/12/2018,Riego
210,7,188,2018,7/3/2018,11/13/2018,Temporal
211,7,24,2018,7/3/2018,11/13/2018,Temporal
212,7,19,2018,7/3/2018,11/13/2018,Temporal
213,7,178,2018,7/3/2018,11/13/2018,Temporal
214,7,78,2018,7/3/2018,11/13/2018,Temporal
215,7,186,2018,7/3/2018,11/13/2018,Temporal
216,7,23,2018,7/3/2018,11/13/2018,Temporal
217,7,139,2018,7/3/2018,11/13/2018,Temporal
218,7,201,2018,7/3/2018,11/13/2018,Temporal
219,7,137,2018,7/3/2018,11/13/2018,Temporal
220,7,128,2018,7/3/2018,11/13/2018,Temporal
221,7,54,2018,7/3/2018,11/13/2018,Temporal
222,7,70,2018,7/3/2018,11/13/2018,Temporal
223,7,21,2018,7/3/2018,11/13/2018,Temporal
224,7,125,2018,7/3/2018,11/13/2018,Temporal
225,7,3,2018,7/3/2018,11/13/2018,Temporal
226,7,119,2018,7/3/2018,11/13/2018,Temporal
227,7,51,2018,7/3/2018,11/13/2018,Temporal
228,7,10,2018,7/3/2018,11/13/2018,Temporal
229,7,60,2018,7/3/2018,11/13/2018,Temporal
230,7,37,2018,7/3/2018,11/13/2018,Temporal
231,7,185,2018,7/3/2018,11/13/2018,Temporal
232,7,120,2018,7/3/2018,11/13/2018,Temporal
233,7,161,2018,7/3/2018,11/13/2018,Temporal
234,7,29,2018,7/3/2018,11/13/2018,Temporal
235,7,204,2018,7/3/2018,11/13/2018,Temporal
236,7,140,2018,7/3/2018,11/13/2018,Temporal
237,7,94,2018,7/3/2018,11/13/2018,Temporal
238,7,91,2018,7/3/2018,11/13/2018,Temporal
239,7,105,2018,7/3/2018,11/13/2018,Temporal
240,8,77,2018,6/26/2018,11/20/2018,Temporal
241,8,48,2018,6/26/2018,11/20/2018,Temporal
242,8,78,2018,6/26/2018,11/20/2018,Temporal
243,8,120,2018,6/26/2018,11/20/2018,Temporal
244,8,72,2018,6/26/2018,11/20/2018,Temporal
245,8,186,2018,6/26/2018,11/20/2018,Temporal
246,8,23,2018,6/26/2018,11/20/2018,Temporal
247,5,48,2018,6/23/2018,11/6/2018,Temporal
248,5,77,2018,6/23/2018,11/6/2018,Temporal
249,5,80,2018,6/23/2018,11/6/2018,Temporal
250,5,78,2018,6/23/2018,11/6/2018,Temporal
251,5,141,2018,6/23/2018,11/6/2018,Temporal
252,5,24,2018,6/23/2018,11/6/2018,Temporal
253,5,143,2018,6/23/2018,11/6/2018,Temporal
254,5,54,2018,6/23/2018,11/6/2018,Temporal
255,5,39,2018,6/23/2018,11/6/2018,Temporal
256,5,40,2018,6/23/2018,11/6/2018,Temporal
257,5,23,2018,6/23/2018,11/6/2018,Temporal
258,5,142,2018,6/23/2018,11/6/2018,Temporal
259,5,186,2018,6/23/2018,11/6/2018,Temporal
260,5,139,2018,6/23/2018,11/6/2018,Temporal
261,5,200,2018,6/23/2018,11/6/2018,Temporal
262,5,72,2018,6/23/2018,11/6/2018,Temporal
263,5,140,2018,6/23/2018,11/6/2018,Temporal
264,5,188,2018,6/23/2018,11/6/2018,Temporal
265,5,42,2018,6/23/2018,11/6/2018,Temporal
266,5,148,2018,6/23/2018,11/6/2018,Temporal
267,5,137,2018,6/23/2018,11/6/2018,Temporal
268,5,201,2018,6/23/2018,11/6/2018,Temporal
269,5,21,2018,6/23/2018,11/6/2018,Temporal
270,5,185,2018,6/23/2018,11/6/2018,Temporal
271,5,3,2018,6/23/2018,11/6/2018,Temporal
272,5,120,2018,6/23/2018,11/6/2018,Temporal
273,5,204,2018,6/23/2018,11/6/2018,Temporal
274,5,128,2018,6/23/2018,11/6/2018,Temporal
275,5,90,2018,6/23/2018,11/6/2018,Temporal
276,5,178,2018,6/23/2018,11/6/2018,Temporal
277,5,30,2018,6/23/2018,11/6/2018,Temporal
278,5,51,2018,6/23/2018,11/6/2018,Temporal
279,5,19,2018,6/23/2018,11/6/2018,Temporal
280,5,70,2018,6/23/2018,11/6/2018,Temporal
281,5,125,2018,6/23/2018,11/6/2018,Temporal
282,5,119,2018,6/23/2018,11/6/2018,Temporal
283,5,75,2018,6/23/2018,11/6/2018,Temporal
284,5,105,2018,6/23/2018,11/6/2018,Temporal
285,5,92,2018,6/23/2018,11/6/2018,Temporal
286,5,196,2018,6/23/2018,11/6/2018,Temporal
287,5,60,2018,6/23/2018,11/6/2018,Temporal
288,5,10,2018,6/23/2018,11/6/2018,Temporal
289,5,161,2018,6/23/2018,11/6/2018,Temporal
290,5,37,2018,6/23/2018,11/6/2018,Temporal
291,5,180,2018,6/23/2018,11/6/2018,Temporal
292,5,29,2018,6/23/2018,11/6/2018,Temporal
293,5,94,2018,6/23/2018,11/6/2018,Temporal
294,5,91,2018,6/23/2018,11/6/2018,Temporal
295,1,164,2019,6/12/2019,10/24/2019,Riego
296,1,48,2019,6/12/2019,10/24/2019,Riego
297,1,54,2019,6/12/2019,10/24/2019,Riego
298,1,24,2019,6/12/2019,10/24/2019,Riego
299,1,201,2019,6/12/2019,10/24/2019,Riego
300,1,59,2019,6/12/2019,10/24/2019,Riego
301,1,78,2019,6/12/2019,10/24/2019,Riego
302,1,128,2019,6/12/2019,10/24/2019,Riego
303,1,165,2019,6/12/2019,10/24/2019,Riego
304,1,77,2019,6/12/2019,10/24/2019,Riego
305,1,148,2019,6/12/2019,10/24/2019,Riego
306,1,81,2019,6/12/2019,10/24/2019,Riego
307,1,40,2019,6/12/2019,10/24/2019,Riego
308,1,68,2019,6/12/2019,10/24/2019,Riego
309,1,178,2019,6/12/2019,10/24/2019,Riego
310,1,188,2019,6/12/2019,10/24/2019,Riego
311,1,31,2019,6/12/2019,10/24/2019,Riego
312,1,176,2019,6/12/2019,10/24/2019,Riego
313,1,126,2019,6/12/2019,10/24/2019,Riego
314,1,55,2019,6/12/2019,10/24/2019,Riego
315,1,174,2019,6/12/2019,10/24/2019,Riego
316,1,186,2019,6/12/2019,10/24/2019,Riego
317,1,200,2019,6/12/2019,10/24/2019,Riego
318,1,137,2019,6/12/2019,10/24/2019,Riego
319,1,141,2019,6/12/2019,10/24/2019,Riego
320,1,38,2019,6/12/2019,10/24/2019,Riego
321,1,96,2019,6/12/2019,10/24/2019,Riego
322,1,58,2019,6/12/2019,10/24/2019,Riego
323,1,198,2019,6/12/2019,10/24/2019,Riego
324,2,164,2019,6/15/2019,10/29/2019,Riego
325,2,81,2019,6/15/2019,10/29/2019,Riego
326,2,128,2019,6/15/2019,10/29/2019,Riego
327,2,68,2019,6/15/2019,10/29/2019,Riego
328,2,148,2019,6/15/2019,10/29/2019,Riego
329,2,48,2019,6/15/2019,10/29/2019,Riego
330,2,80,2019,6/15/2019,10/29/2019,Riego
331,2,186,2019,6/15/2019,10/29/2019,Riego
332,2,55,2019,6/15/2019,10/29/2019,Riego
333,2,200,2019,6/15/2019,10/29/2019,Riego
334,2,137,2019,6/15/2019,10/29/2019,Riego
335,2,126,2019,6/15/2019,10/29/2019,Riego
336,2,178,2019,6/15/2019,10/29/2019,Riego
337,2,165,2019,6/15/2019,10/29/2019,Riego
338,2,201,2019,6/15/2019,10/29/2019,Riego
339,2,54,2019,6/15/2019,10/29/2019,Riego
340,2,59,2019,6/15/2019,10/29/2019,Riego
341,2,77,2019,6/15/2019,10/29/2019,Riego
342,2,188,2019,6/15/2019,10/29/2019,Riego
343,2,42,2019,6/15/2019,10/29/2019,Riego
344,2,176,2019,6/15/2019,10/29/2019,Riego
345,2,174,2019,6/15/2019,10/29/2019,Riego
346,2,31,2019,6/15/2019,10/29/2019,Riego
347,2,141,2019,6/15/2019,10/29/2019,Riego
348,2,202,2019,6/15/2019,10/29/2019,Riego
349,2,96,2019,6/15/2019,10/29/2019,Riego
350,2,32,2019,6/15/2019,10/29/2019,Riego
351,9,77,2019,6/24/2019,10/25/2019,Temporal
352,9,141,2019,6/24/2019,10/25/2019,Temporal
353,9,165,2019,6/24/2019,10/25/2019,Temporal
354,9,143,2019,6/24/2019,10/25/2019,Temporal
355,9,164,2019,6/24/2019,10/25/2019,Temporal
356,9,13,2019,6/24/2019,10/25/2019,Temporal
357,9,40,2019,6/24/2019,10/25/2019,Temporal
358,9,186,2019,6/24/2019,10/25/2019,Temporal
359,9,21,2019,6/24/2019,10/25/2019,Temporal
360,9,176,2019,6/24/2019,10/25/2019,Temporal
361,9,139,2019,6/24/2019,10/25/2019,Temporal
362,9,188,2019,6/24/2019,10/25/2019,Temporal
363,9,137,2019,6/24/2019,10/25/2019,Temporal
364,9,78,2019,6/24/2019,10/25/2019,Temporal
365,9,162,2019,6/24/2019,10/25/2019,Temporal
366,9,201,2019,6/24/2019,10/25/2019,Temporal
367,9,178,2019,6/24/2019,10/25/2019,Temporal
368,9,198,2019,6/24/2019,10/25/2019,Temporal
369,9,48,2019,6/24/2019,10/25/2019,Temporal
370,9,200,2019,6/24/2019,10/25/2019,Temporal
371,9,81,2019,6/24/2019,10/25/2019,Temporal
372,9,128,2019,6/24/2019,10/25/2019,Temporal
373,9,38,2019,6/24/2019,10/25/2019,Temporal
374,9,126,2019,6/24/2019,10/25/2019,Temporal
375,9,174,2019,6/24/2019,10/25/2019,Temporal
376,9,55,2019,6/24/2019,10/25/2019,Temporal
377,9,65,2019,6/24/2019,10/25/2019,Temporal
378,9,31,2019,6/24/2019,10/25/2019,Temporal
379,9,96,2019,6/24/2019,10/25/2019,Temporal
380,9,58,2019,6/24/2019,10/25/2019,Temporal
381,8,78,2019,6/25/2019,11/20/2019,Temporal
382,8,77,2019,6/25/2019,11/20/2019,Temporal
383,8,54,2019,6/25/2019,11/20/2019,Temporal
384,8,80,2019,6/25/2019,11/20/2019,Temporal
385,8,143,2019,6/25/2019,11/20/2019,Temporal
386,8,176,2019,6/25/2019,11/20/2019,Temporal
387,8,137,2019,6/25/2019,11/20/2019,Temporal
388,8,48,2019,6/25/2019,11/20/2019,Temporal
389,8,188,2019,6/25/2019,11/20/2019,Temporal
390,8,81,2019,6/25/2019,11/20/2019,Temporal
391,8,148,2019,6/25/2019,11/20/2019,Temporal
392,8,68,2019,6/25/2019,11/20/2019,Temporal
393,8,178,2019,6/25/2019,11/20/2019,Temporal
394,8,128,2019,6/25/2019,11/20/2019,Temporal
395,8,24,2019,6/25/2019,11/20/2019,Temporal
396,8,40,2019,6/25/2019,11/20/2019,Temporal
397,8,198,2019,6/25/2019,11/20/2019,Temporal
398,8,141,2019,6/25/2019,11/20/2019,Temporal
399,8,126,2019,6/25/2019,11/20/2019,Temporal
400,8,165,2019,6/25/2019,11/20/2019,Temporal
401,8,186,2019,6/25/2019,11/20/2019,Temporal
402,8,38,2019,6/25/2019,11/20/2019,Temporal
403,8,55,2019,6/25/2019,11/20/2019,Temporal
404,5,54,2019,6/28/2019,11/13/2019,Temporal
405,5,81,2019,6/28/2019,11/13/2019,Temporal
406,5,48,2019,6/28/2019,11/13/2019,Temporal
407,5,143,2019,6/28/2019,11/13/2019,Temporal
408,5,141,2019,6/28/2019,11/13/2019,Temporal
409,5,40,2019,6/28/2019,11/13/2019,Temporal
410,5,77,2019,6/28/2019,11/13/2019,Temporal
411,5,137,2019,6/28/2019,11/13/2019,Temporal
412,5,59,2019,6/28/2019,11/13/2019,Temporal
413,5,80,2019,6/28/2019,11/13/2019,Temporal
414,5,42,2019,6/28/2019,11/13/2019,Temporal
415,5,164,2019,6/28/2019,11/13/2019,Temporal
416,5,186,2019,6/28/2019,11/13/2019,Temporal
417,5,188,2019,6/28/2019,11/13/2019,Temporal
418,5,32,2019,6/28/2019,11/13/2019,Temporal
419,5,139,2019,6/28/2019,11/13/2019,Temporal
420,5,68,2019,6/28/2019,11/13/2019,Temporal
421,5,31,2019,6/28/2019,11/13/2019,Temporal
422,5,24,2019,6/28/2019,11/13/2019,Temporal
423,5,201,2019,6/28/2019,11/13/2019,Temporal
424,5,178,2019,6/28/2019,11/13/2019,Temporal
425,5,149,2019,6/28/2019,11/13/2019,Temporal
426,5,162,2019,6/28/2019,11/13/2019,Temporal
427,5,202,2019,6/28/2019,11/13/2019,Temporal
428,5,55,2019,6/28/2019,11/13/2019,Temporal
429,5,176,2019,6/28/2019,11/13/2019,Temporal
430,5,13,2019,6/28/2019,11/13/2019,Temporal
431,5,38,2019,6/28/2019,11/13/2019,Temporal
432,5,174,2019,6/28/2019,11/13/2019,Temporal
433,5,65,2019,6/28/2019,11/13/2019,Temporal
434,5,126,2019,6/28/2019,11/13/2019,Temporal
435,5,21,2019,6/28/2019,11/13/2019,Temporal
436,5,128,2019,6/28/2019,11/13/2019,Temporal
437,5,198,2019,6/28/2019,11/13/2019,Temporal
438,5,197,2019,6/28/2019,11/13/2019,Temporal
439,5,96,2019,6/28/2019,11/13/2019,Temporal
440,5,58,2019,6/28/2019,11/13/2019,Temporal
441,10,164,2020,5/28/2020,10/12/2020,Riego
442,10,80,2020,5/28/2020,10/12/2020,Riego
443,10,81,2020,5/28/2020,10/12/2020,Riego
444,10,201,2020,5/28/2020,10/12/2020,Riego
445,10,175,2020,5/28/2020,10/12/2020,Riego
446,10,59,2020,5/28/2020,10/12/2020,Riego
447,10,165,2020,5/28/2020,10/12/2020,Riego
448,10,103,2020,5/28/2020,10/12/2020,Riego
449,10,54,2020,5/28/2020,10/12/2020,Riego
450,10,187,2020,5/28/2020,10/12/2020,Riego
451,10,48,2020,5/28/2020,10/12/2020,Riego
452,10,178,2020,5/28/2020,10/12/2020,Riego
453,10,77,2020,5/28/2020,10/12/2020,Riego
454,10,9,2020,5/28/2020,10/12/2020,Riego
455,10,128,2020,5/28/2020,10/12/2020,Riego
456,10,86,2020,5/28/2020,10/12/2020,Riego
457,10,129,2020,5/28/2020,10/12/2020,Riego
458,10,179,2020,5/28/2020,10/12/2020,Riego
459,10,148,2020,5/28/2020,10/12/2020,Riego
460,10,143,2020,5/28/2020,10/12/2020,Riego
461,10,40,2020,5/28/2020,10/12/2020,Riego
462,10,141,2020,5/28/2020,10/12/2020,Riego
463,10,184,2020,5/28/2020,10/12/2020,Riego
464,10,111,2020,5/28/2020,10/12/2020,Riego
465,10,20,2020,5/28/2020,10/12/2020,Riego
466,10,41,2020,5/28/2020,10/12/2020,Riego
467,10,61,2020,5/28/2020,10/12/2020,Riego
468,10,108,2020,5/28/2020,10/12/2020,Riego
469,10,13,2020,5/28/2020,10/12/2020,Riego
470,10,63,2020,5/28/2020,10/12/2020,Riego
471,11,148,2020,5/29/2020,10/13/2020,Riego
472,11,165,2020,5/29/2020,10/13/2020,Riego
473,11,164,2020,5/29/2020,10/13/2020,Riego
474,11,175,2020,5/29/2020,10/13/2020,Riego
475,11,129,2020,5/29/2020,10/13/2020,Riego
476,11,9,2020,5/29/2020,10/13/2020,Riego
477,11,40,2020,5/29/2020,10/13/2020,Riego
478,11,103,2020,5/29/2020,10/13/2020,Riego
479,11,59,2020,5/29/2020,10/13/2020,Riego
480,11,187,2020,5/29/2020,10/13/2020,Riego
481,11,178,2020,5/29/2020,10/13/2020,Riego
482,11,127,2020,5/29/2020,10/13/2020,Riego
483,11,143,2020,5/29/2020,10/13/2020,Riego
484,11,179,2020,5/29/2020,10/13/2020,Riego
485,11,48,2020,5/29/2020,10/13/2020,Riego
486,11,201,2020,5/29/2020,10/13/2020,Riego
487,11,81,2020,5/29/2020,10/13/2020,Riego
488,11,78,2020,5/29/2020,10/13/2020,Riego
489,11,77,2020,5/29/2020,10/13/2020,Riego
490,11,110,2020,5/29/2020,10/13/2020,Riego
491,11,41,2020,5/29/2020,10/13/2020,Riego
492,11,184,2020,5/29/2020,10/13/2020,Riego
493,11,108,2020,5/29/2020,10/13/2020,Riego
494,11,27,2020,5/29/2020,10/13/2020,Riego
495,11,54,2020,5/29/2020,10/13/2020,Riego
496,11,13,2020,5/29/2020,10/13/2020,Riego
497,11,20,2020,5/29/2020,10/13/2020,Riego
498,11,113,2020,5/29/2020,10/13/2020,Riego
499,11,141,2020,5/29/2020,10/13/2020,Riego
500,11,63,2020,5/29/2020,10/13/2020,Riego
501,12,41,2020,6/30/2020,10/19/2020,Temporal
502,12,201,2020,6/30/2020,10/19/2020,Temporal
503,12,13,2020,6/30/2020,10/19/2020,Temporal
504,12,178,2020,6/30/2020,10/19/2020,Temporal
505,12,23,2020,6/30/2020,10/19/2020,Temporal
506,12,4,2020,6/30/2020,10/19/2020,Temporal
507,12,143,2020,6/30/2020,10/19/2020,Temporal
508,12,165,2020,6/30/2020,10/19/2020,Temporal
509,12,81,2020,6/30/2020,10/19/2020,Temporal
510,12,187,2020,6/30/2020,10/19/2020,Temporal
511,12,78,2020,6/30/2020,10/19/2020,Temporal
512,12,113,2020,6/30/2020,10/19/2020,Temporal
513,12,141,2020,6/30/2020,10/19/2020,Temporal
514,12,48,2020,6/30/2020,10/19/2020,Temporal
515,12,175,2020,6/30/2020,10/19/2020,Temporal
516,12,40,2020,6/30/2020,10/19/2020,Temporal
517,12,164,2020,6/30/2020,10/19/2020,Temporal
518,12,179,2020,6/30/2020,10/19/2020,Temporal
519,12,184,2020,6/30/2020,10/19/2020,Temporal
520,12,77,2020,6/30/2020,10/19/2020,Temporal
521,12,59,2020,6/30/2020,10/19/2020,Temporal
522,12,167,2020,6/30/2020,10/19/2020,Temporal
523,12,108,2020,6/30/2020,10/19/2020,Temporal
524,12,129,2020,6/30/2020,10/19/2020,Temporal
525,12,111,2020,6/30/2020,10/19/2020,Temporal
526,12,102,2020,6/30/2020,10/19/2020,Temporal
527,12,64,2020,6/30/2020,10/19/2020,Temporal
528,12,166,2020,6/30/2020,10/19/2020,Temporal
529,12,128,2020,6/30/2020,10/19/2020,Temporal
530,12,94,2020,6/30/2020,10/19/2020,Temporal
531,13,40,2020,7/6/2020,10/20/2020,Temporal
532,13,41,2020,7/6/2020,10/20/2020,Temporal
533,13,48,2020,7/6/2020,10/20/2020,Temporal
534,13,201,2020,7/6/2020,10/20/2020,Temporal
535,13,81,2020,7/6/2020,10/20/2020,Temporal
536,13,9,2020,7/6/2020,10/20/2020,Temporal
537,13,13,2020,7/6/2020,10/20/2020,Temporal
538,13,165,2020,7/6/2020,10/20/2020,Temporal
539,13,143,2020,7/6/2020,10/20/2020,Temporal
540,13,78,2020,7/6/2020,10/20/2020,Temporal
541,13,54,2020,7/6/2020,10/20/2020,Temporal
542,13,164,2020,7/6/2020,10/20/2020,Temporal
543,13,27,2020,7/6/2020,10/20/2020,Temporal
544,13,128,2020,7/6/2020,10/20/2020,Temporal
545,13,129,2020,7/6/2020,10/20/2020,Temporal
546,13,141,2020,7/6/2020,10/20/2020,Temporal
547,13,94,2020,7/6/2020,10/20/2020,Temporal
548,13,178,2020,7/6/2020,10/20/2020,Temporal
549,13,86,2020,7/6/2020,10/20/2020,Temporal
550,13,184,2020,7/6/2020,10/20/2020,Temporal
551,13,108,2020,7/6/2020,10/20/2020,Temporal
552,13,77,2020,7/6/2020,10/20/2020,Temporal
553,13,20,2020,7/6/2020,10/20/2020,Temporal
554,13,148,2020,7/6/2020,10/20/2020,Temporal
555,13,110,2020,7/6/2020,10/20/2020,Temporal
556,13,187,2020,7/6/2020,10/20/2020,Temporal
557,13,59,2020,7/6/2020,10/20/2020,Temporal
558,13,63,2020,7/6/2020,10/20/2020,Temporal
559,13,175,2020,7/6/2020,10/20/2020,Temporal
560,13,103,2020,7/6/2020,10/20/2020,Temporal
561,14,143,2020,7/1/2020,11/3/2020,Temporal
562,14,80,2020,7/1/2020,11/3/2020,Temporal
563,14,78,2020,7/1/2020,11/3/2020,Temporal
564,14,4,2020,7/1/2020,11/3/2020,Temporal
565,14,77,2020,7/1/2020,11/3/2020,Temporal
566,14,41,2020,7/1/2020,11/3/2020,Temporal
567,14,81,2020,7/1/2020,11/3/2020,Temporal
568,14,164,2020,7/1/2020,11/3/2020,Temporal
569,14,48,2020,7/1/2020,11/3/2020,Temporal
570,14,201,2020,7/1/2020,11/3/2020,Temporal
571,14,141,2020,7/1/2020,11/3/2020,Temporal
572,14,148,2020,7/1/2020,11/3/2020,Temporal
573,14,165,2020,7/1/2020,11/3/2020,Temporal
574,14,187,2020,7/1/2020,11/3/2020,Temporal
575,14,23,2020,7/1/2020,11/3/2020,Temporal
576,14,103,2020,7/1/2020,11/3/2020,Temporal
577,14,175,2020,7/1/2020,11/3/2020,Temporal
578,14,59,2020,7/1/2020,11/3/2020,Temporal
579,14,13,2020,7/1/2020,11/3/2020,Temporal
580,14,9,2020,7/1/2020,11/3/2020,Temporal
581,14,94,2020,7/1/2020,11/3/2020,Temporal
582,14,108,2020,7/1/2020,11/3/2020,Temporal
583,14,54,2020,7/1/2020,11/3/2020,Temporal
584,14,86,2020,7/1/2020,11/3/2020,Temporal
585,14,113,2020,7/1/2020,11/3/2020,Temporal
586,14,184,2020,7/1/2020,11/3/2020,Temporal
587,14,40,2020,7/1/2020,11/3/2020,Temporal
588,14,20,2020,7/1/2020,11/3/2020,Temporal
589,14,178,2020,7/1/2020,11/3/2020,Temporal
590,14,129,2020,7/1/2020,11/3/2020,Temporal
591,14,128,2020,7/1/2020,11/3/2020,Temporal
592,14,110,2020,7/1/2020,11/3/2020,Temporal
593,14,61,2020,7/1/2020,11/3/2020,Temporal
594,14,27,2020,7/1/2020,11/3/2020,Temporal
595,14,111,2020,7/1/2020,11/3/2020,Temporal
596,14,179,2020,7/1/2020,11/3/2020,Temporal
597,14,167,2020,7/1/2020,11/3/2020,Temporal
598,14,166,2020,7/1/2020,11/3/2020,Temporal
599,14,63,2020,7/1/2020,11/3/2020,Temporal
600,14,64,2020,7/1/2020,11/3/2020,Temporal
601,10,175,2021,5/26/2021,11/12/2021,Riego
602,10,165,2021,5/26/2021,11/12/2021,Riego
603,10,134,2021,5/26/2021,11/12/2021,Riego
604,10,81,2021,5/26/2021,11/12/2021,Riego
605,10,135,2021,5/26/2021,11/12/2021,Riego
606,10,164,2021,5/26/2021,11/12/2021,Riego
607,10,138,2021,5/26/2021,11/12/2021,Riego
608,10,189,2021,5/26/2021,11/12/2021,Riego
609,10,190,2021,5/26/2021,11/12/2021,Riego
610,10,130,2021,5/26/2021,11/12/2021,Riego
611,10,143,2021,5/26/2021,11/12/2021,Riego
612,10,121,2021,5/26/2021,11/12/2021,Riego
613,10,151,2021,5/26/2021,11/12/2021,Riego
614,10,82,2021,5/26/2021,11/12/2021,Riego
615,10,57,2021,5/26/2021,11/12/2021,Riego
616,10,148,2021,5/26/2021,11/12/2021,Riego
617,10,107,2021,5/26/2021,11/12/2021,Riego
618,10,127,2021,5/26/2021,11/12/2021,Riego
619,10,112,2021,5/26/2021,11/12/2021,Riego
620,10,41,2021,5/26/2021,11/12/2021,Riego
621,10,201,2021,5/26/2021,11/12/2021,Riego
622,10,194,2021,5/26/2021,11/12/2021,Riego
623,10,115,2021,5/26/2021,11/12/2021,Riego
624,10,33,2021,5/26/2021,11/12/2021,Riego
625,10,14,2021,5/26/2021,11/12/2021,Riego
626,10,4,2021,5/26/2021,11/12/2021,Riego
627,10,34,2021,5/26/2021,11/12/2021,Riego
628,10,203,2021,5/26/2021,11/12/2021,Riego
629,10,5,2021,5/26/2021,11/12/2021,Riego
630,11,151,2021,5/27/2021,11/6/2021,Riego
631,11,135,2021,5/27/2021,11/6/2021,Riego
632,11,164,2021,5/27/2021,11/6/2021,Riego
633,11,175,2021,5/27/2021,11/6/2021,Riego
634,11,127,2021,5/27/2021,11/6/2021,Riego
635,11,190,2021,5/27/2021,11/6/2021,Riego
636,11,41,2021,5/27/2021,11/6/2021,Riego
637,11,81,2021,5/27/2021,11/6/2021,Riego
638,11,201,2021,5/27/2021,11/6/2021,Riego
639,11,107,2021,5/27/2021,11/6/2021,Riego
640,11,115,2021,5/27/2021,11/6/2021,Riego
641,11,203,2021,5/27/2021,11/6/2021,Riego
642,11,4,2021,5/27/2021,11/6/2021,Riego
643,11,34,2021,5/27/2021,11/6/2021,Riego
644,12,135,2021,6/29/2021,11/17/2021,Temporal
645,12,143,2021,6/29/2021,11/17/2021,Temporal
646,12,194,2021,6/29/2021,11/17/2021,Temporal
647,12,81,2021,6/29/2021,11/17/2021,Temporal
648,12,151,2021,6/29/2021,11/17/2021,Temporal
649,12,138,2021,6/29/2021,11/17/2021,Temporal
650,12,175,2021,6/29/2021,11/17/2021,Temporal
651,12,190,2021,6/29/2021,11/17/2021,Temporal
652,12,189,2021,6/29/2021,11/17/2021,Temporal
653,12,134,2021,6/29/2021,11/17/2021,Temporal
654,12,148,2021,6/29/2021,11/17/2021,Temporal
655,12,165,2021,6/29/2021,11/17/2021,Temporal
656,12,203,2021,6/29/2021,11/17/2021,Temporal
657,12,130,2021,6/29/2021,11/17/2021,Temporal
658,12,121,2021,6/29/2021,11/17/2021,Temporal
659,12,201,2021,6/29/2021,11/17/2021,Temporal
660,12,4,2021,6/29/2021,11/17/2021,Temporal
661,12,5,2021,6/29/2021,11/17/2021,Temporal
662,12,41,2021,6/29/2021,11/17/2021,Temporal
663,12,164,2021,6/29/2021,11/17/2021,Temporal
664,12,107,2021,6/29/2021,11/17/2021,Temporal
665,12,14,2021,6/29/2021,11/17/2021,Temporal
666,12,82,2021,6/29/2021,11/17/2021,Temporal
667,12,127,2021,6/29/2021,11/17/2021,Temporal
668,12,112,2021,6/29/2021,11/17/2021,Temporal
669,12,57,2021,6/29/2021,11/17/2021,Temporal
670,12,33,2021,6/29/2021,11/17/2021,Temporal
671,12,115,2021,6/29/2021,11/17/2021,Temporal
672,12,34,2021,6/29/2021,11/17/2021,Temporal
673,15,175,2021,6/25/2021,11/16/2021,Temporal
674,15,135,2021,6/25/2021,11/16/2021,Temporal
675,15,57,2021,6/25/2021,11/16/2021,Temporal
676,15,138,2021,6/25/2021,11/16/2021,Temporal
677,15,201,2021,6/25/2021,11/16/2021,Temporal
678,15,81,2021,6/25/2021,11/16/2021,Temporal
679,15,190,2021,6/25/2021,11/16/2021,Temporal
680,15,134,2021,6/25/2021,11/16/2021,Temporal
681,15,83,2021,6/25/2021,11/16/2021,Temporal
682,15,130,2021,6/25/2021,11/16/2021,Temporal
683,15,164,2021,6/25/2021,11/16/2021,Temporal
684,15,82,2021,6/25/2021,11/16/2021,Temporal
685,15,14,2021,6/25/2021,11/16/2021,Temporal
686,15,41,2021,6/25/2021,11/16/2021,Temporal
687,15,194,2021,6/25/2021,11/16/2021,Temporal
688,15,107,2021,6/25/2021,11/16/2021,Temporal
689,15,143,2021,6/25/2021,11/16/2021,Temporal
690,15,5,2021,6/25/2021,11/16/2021,Temporal
691,15,4,2021,6/25/2021,11/16/2021,Temporal
692,15,112,2021,6/25/2021,11/16/2021,Temporal
693,15,165,2021,6/25/2021,11/16/2021,Temporal
694,15,151,2021,6/25/2021,11/16/2021,Temporal
695,15,189,2021,6/25/2021,11/16/2021,Temporal
696,15,115,2021,6/25/2021,11/16/2021,Temporal
697,15,203,2021,6/25/2021,11/16/2021,Temporal
698,15,34,2021,6/25/2021,11/16/2021,Temporal
699,15,121,2021,6/25/2021,11/16/2021,Temporal
700,15,127,2021,6/25/2021,11/16/2021,Temporal
701,15,33,2021,6/25/2021,11/16/2021,Temporal
702,16,175,2022,5/21/2022,10/11/2022,Riego
703,16,89,2022,5/21/2022,10/11/2022,Riego
704,16,154,2022,5/21/2022,10/11/2022,Riego
705,16,43,2022,5/21/2022,10/11/2022,Riego
706,16,48,2022,5/21/2022,10/11/2022,Riego
707,16,164,2022,5/21/2022,10/11/2022,Riego
708,16,165,2022,5/21/2022,10/11/2022,Riego
709,16,77,2022,5/21/2022,10/11/2022,Riego
710,16,83,2022,5/21/2022,10/11/2022,Riego
711,16,201,2022,5/21/2022,10/11/2022,Riego
712,16,190,2022,5/21/2022,10/11/2022,Riego
713,16,134,2022,5/21/2022,10/11/2022,Riego
714,16,81,2022,5/21/2022,10/11/2022,Riego
715,16,102,2022,5/21/2022,10/11/2022,Riego
716,16,82,2022,5/21/2022,10/11/2022,Riego
717,16,151,2022,5/21/2022,10/11/2022,Riego
718,16,135,2022,5/21/2022,10/11/2022,Riego
719,16,168,2022,5/21/2022,10/11/2022,Riego
720,16,94,2022,5/21/2022,10/11/2022,Riego
721,16,40,2022,5/21/2022,10/11/2022,Riego
722,16,130,2022,5/21/2022,10/11/2022,Riego
723,16,26,2022,5/21/2022,10/11/2022,Riego
724,16,194,2022,5/21/2022,10/11/2022,Riego
725,16,129,2022,5/21/2022,10/11/2022,Riego
726,16,122,2022,5/21/2022,10/11/2022,Riego
727,16,182,2022,5/21/2022,10/11/2022,Riego
728,16,150,2022,5/21/2022,10/11/2022,Riego
729,16,88,2022,5/21/2022,10/11/2022,Riego
730,16,144,2022,5/21/2022,10/11/2022,Riego
731,16,16,2022,5/21/2022,10/11/2022,Riego
732,11,40,2022,5/24/2022,10/6/2022,Riego
733,11,150,2022,5/24/2022,10/6/2022,Riego
734,11,81,2022,5/24/2022,10/6/2022,Riego
735,11,43,2022,5/24/2022,10/6/2022,Riego
736,11,48,2022,5/24/2022,10/6/2022,Riego
737,11,165,2022,5/24/2022,10/6/2022,Riego
738,11,134,2022,5/24/2022,10/6/2022,Riego
739,11,164,2022,5/24/2022,10/6/2022,Riego
740,11,175,2022,5/24/2022,10/6/2022,Riego
741,11,135,2022,5/24/2022,10/6/2022,Riego
742,11,190,2022,5/24/2022,10/6/2022,Riego
743,11,201,2022,5/24/2022,10/6/2022,Riego
744,11,83,2022,5/24/2022,10/6/2022,Riego
745,11,102,2022,5/24/2022,10/6/2022,Riego
746,11,122,2022,5/24/2022,10/6/2022,Riego
747,11,168,2022,5/24/2022,10/6/2022,Riego
748,11,26,2022,5/24/2022,10/6/2022,Riego
749,11,151,2022,5/24/2022,10/6/2022,Riego
750,11,88,2022,5/24/2022,10/6/2022,Riego
751,11,16,2022,5/24/2022,10/6/2022,Riego
752,17,48,2022,6/11/2022,10/31/2022,Riego
753,17,43,2022,6/11/2022,10/31/2022,Riego
754,17,83,2022,6/11/2022,10/31/2022,Riego
755,17,201,2022,6/11/2022,10/31/2022,Riego
756,17,154,2022,6/11/2022,10/31/2022,Riego
757,17,150,2022,6/11/2022,10/31/2022,Riego
758,17,164,2022,6/11/2022,10/31/2022,Riego
759,17,190,2022,6/11/2022,10/31/2022,Riego
760,17,165,2022,6/11/2022,10/31/2022,Riego
761,17,81,2022,6/11/2022,10/31/2022,Riego
762,17,168,2022,6/11/2022,10/31/2022,Riego
763,17,77,2022,6/11/2022,10/31/2022,Riego
764,17,89,2022,6/11/2022,10/31/2022,Riego
765,17,82,2022,6/11/2022,10/31/2022,Riego
766,17,134,2022,6/11/2022,10/31/2022,Riego
767,17,175,2022,6/11/2022,10/31/2022,Riego
768,17,122,2022,6/11/2022,10/31/2022,Riego
769,17,151,2022,6/11/2022,10/31/2022,Riego
770,17,144,2022,6/11/2022,10/31/2022,Riego
771,17,102,2022,6/11/2022,10/31/2022,Riego
772,17,135,2022,6/11/2022,10/31/2022,Riego
773,17,194,2022,6/11/2022,10/31/2022,Riego
774,17,130,2022,6/11/2022,10/31/2022,Riego
775,17,94,2022,6/11/2022,10/31/2022,Riego
776,17,40,2022,6/11/2022,10/31/2022,Riego
777,17,26,2022,6/11/2022,10/31/2022,Riego
778,17,16,2022,6/11/2022,10/31/2022,Riego
779,17,88,2022,6/11/2022,10/31/2022,Riego
780,17,182,2022,6/11/2022,10/31/2022,Riego
781,17,129,2022,6/11/2022,10/31/2022,Riego
782,18,144,2022,6/29/2022,11/14/2022,Temporal
783,18,150,2022,6/29/2022,11/14/2022,Temporal
784,18,165,2022,6/29/2022,11/14/2022,Temporal
785,18,83,2022,6/29/2022,11/14/2022,Temporal
786,18,154,2022,6/29/2022,11/14/2022,Temporal
787,18,81,2022,6/29/2022,11/14/2022,Temporal
788,18,201,2022,6/29/2022,11/14/2022,Temporal
789,18,77,2022,6/29/2022,11/14/2022,Temporal
790,18,82,2022,6/29/2022,11/14/2022,Temporal
791,18,43,2022,6/29/2022,11/14/2022,Temporal
792,18,40,2022,6/29/2022,11/14/2022,Temporal
793,18,94,2022,6/29/2022,11/14/2022,Temporal
794,18,190,2022,6/29/2022,11/14/2022,Temporal
795,18,151,2022,6/29/2022,11/14/2022,Temporal
796,18,164,2022,6/29/2022,11/14/2022,Temporal
797,18,134,2022,6/29/2022,11/14/2022,Temporal
798,18,175,2022,6/29/2022,11/14/2022,Temporal
799,18,122,2022,6/29/2022,11/14/2022,Temporal
800,18,89,2022,6/29/2022,11/14/2022,Temporal
801,18,135,2022,6/29/2022,11/14/2022,Temporal
802,18,194,2022,6/29/2022,11/14/2022,Temporal
803,18,102,2022,6/29/2022,11/14/2022,Temporal
804,18,88,2022,6/29/2022,11/14/2022,Temporal
805,18,168,2022,6/29/2022,11/14/2022,Temporal
806,18,182,2022,6/29/2022,11/14/2022,Temporal
807,18,107,2022,6/29/2022,11/14/2022,Temporal
808,18,26,2022,6/29/2022,11/14/2022,Temporal
809,18,129,2022,6/29/2022,11/14/2022,Temporal
810,18,130,2022,6/29/2022,11/14/2022,Temporal
811,18,16,2022,6/29/2022,11/14/2022,Temporal
812,19,144,2022,6/28/2022,11/9/2022,Temporal
813,19,154,2022,6/28/2022,11/9/2022,Temporal
814,19,81,2022,6/28/2022,11/9/2022,Temporal
815,19,150,2022,6/28/2022,11/9/2022,Temporal
816,19,77,2022,6/28/2022,11/9/2022,Temporal
817,19,165,2022,6/28/2022,11/9/2022,Temporal
818,19,83,2022,6/28/2022,11/9/2022,Temporal
819,19,201,2022,6/28/2022,11/9/2022,Temporal
820,19,48,2022,6/28/2022,11/9/2022,Temporal
821,19,175,2022,6/28/2022,11/9/2022,Temporal
822,19,43,2022,6/28/2022,11/9/2022,Temporal
823,19,122,2022,6/28/2022,11/9/2022,Temporal
824,19,194,2022,6/28/2022,11/9/2022,Temporal
825,19,190,2022,6/28/2022,11/9/2022,Temporal
826,19,89,2022,6/28/2022,11/9/2022,Temporal
827,19,135,2022,6/28/2022,11/9/2022,Temporal
828,19,164,2022,6/28/2022,11/9/2022,Temporal
829,19,88,2022,6/28/2022,11/9/2022,Temporal
830,19,102,2022,6/28/2022,11/9/2022,Temporal
831,19,40,2022,6/28/2022,11/9/2022,Temporal
832,19,134,2022,6/28/2022,11/9/2022,Temporal
833,19,168,2022,6/28/2022,11/9/2022,Temporal
834,19,94,2022,6/28/2022,11/9/2022,Temporal
835,19,82,2022,6/28/2022,11/9/2022,Temporal
836,19,151,2022,6/28/2022,11/9/2022,Temporal
837,19,182,2022,6/28/2022,11/9/2022,Temporal
838,19,130,2022,6/28/2022,11/9/2022,Temporal
839,19,129,2022,6/28/2022,11/9/2022,Temporal
840,19,26,2022,6/28/2022,11/9/2022,Temporal
841,19,16,2022,6/28/2022,11/9/2022,Temporal
842,20,175,2023,5/18/2023,10/2/2023,Riego
843,20,147,2023,5/18/2023,10/2/2023,Riego
844,20,134,2023,5/18/2023,10/2/2023,Riego
845,20,135,2023,5/18/2023,10/2/2023,Riego
846,20,154,2023,5/18/2023,10/2/2023,Riego
847,20,190,2023,5/18/2023,10/2/2023,Riego
848,20,191,2023,5/18/2023,10/2/2023,Riego
849,20,169,2023,5/18/2023,10/2/2023,Riego
850,20,164,2023,5/18/2023,10/2/2023,Riego
851,20,48,2023,5/18/2023,10/2/2023,Riego
852,20,144,2023,5/18/2023,10/2/2023,Riego
853,20,165,2023,5/18/2023,10/2/2023,Riego
854,20,109,2023,5/18/2023,10/2/2023,Riego
855,20,89,2023,5/18/2023,10/2/2023,Riego
856,20,136,2023,5/18/2023,10/2/2023,Riego
857,20,9,2023,5/18/2023,10/2/2023,Riego
858,20,81,2023,5/18/2023,10/2/2023,Riego
859,20,50,2023,5/18/2023,10/2/2023,Riego
860,20,123,2023,5/18/2023,10/2/2023,Riego
861,20,2,2023,5/18/2023,10/2/2023,Riego
862,20,172,2023,5/18/2023,10/2/2023,Riego
863,20,83,2023,5/18/2023,10/2/2023,Riego
864,20,129,2023,5/18/2023,10/2/2023,Riego
865,20,131,2023,5/18/2023,10/2/2023,Riego
866,20,18,2023,5/18/2023,10/2/2023,Riego
867,20,193,2023,5/18/2023,10/2/2023,Riego
868,20,201,2023,5/18/2023,10/2/2023,Riego
869,20,130,2023,5/18/2023,10/2/2023,Riego
870,20,155,2023,5/18/2023,10/2/2023,Riego
871,20,163,2023,5/18/2023,10/2/2023,Riego
872,20,158,2023,5/18/2023,10/2/2023,Riego
873,20,115,2023,5/18/2023,10/2/2023,Riego
874,20,87,2023,5/18/2023,10/2/2023,Riego
875,20,77,2023,5/18/2023,10/2/2023,Riego
876,20,116,2023,5/18/2023,10/2/2023,Riego
877,20,173,2023,5/18/2023,10/2/2023,Riego
878,20,53,2023,5/18/2023,10/2/2023,Riego
879,20,153,2023,5/18/2023,10/2/2023,Riego
880,20,15,2023,5/18/2023,10/2/2023,Riego
881,20,35,2023,5/18/2023,10/2/2023,Riego
882,20,181,2023,5/18/2023,10/2/2023,Riego
883,21,89,2023,5/17/2023,9/30/2023,Riego
884,21,135,2023,5/17/2023,9/30/2023,Riego
885,21,154,2023,5/17/2023,9/30/2023,Riego
886,21,136,2023,5/17/2023,9/30/2023,Riego
887,21,190,2023,5/17/2023,9/30/2023,Riego
888,21,175,2023,5/17/2023,9/30/2023,Riego
889,21,147,2023,5/17/2023,9/30/2023,Riego
890,21,134,2023,5/17/2023,9/30/2023,Riego
891,21,18,2023,5/17/2023,9/30/2023,Riego
892,21,164,2023,5/17/2023,9/30/2023,Riego
893,21,83,2023,5/17/2023,9/30/2023,Riego
894,21,109,2023,5/17/2023,9/30/2023,Riego
895,21,81,2023,5/17/2023,9/30/2023,Riego
896,21,131,2023,5/17/2023,9/30/2023,Riego
897,21,201,2023,5/17/2023,9/30/2023,Riego
898,22,69,2024,5/27/2024,10/16/2024,Riego
899,22,190,2024,5/27/2024,10/16/2024,Riego
900,22,147,2024,5/27/2024,10/16/2024,Riego
901,22,164,2024,5/27/2024,10/16/2024,Riego
902,22,195,2024,5/27/2024,10/16/2024,Riego
903,22,135,2024,5/27/2024,10/16/2024,Riego
904,22,18,2024,5/27/2024,10/16/2024,Riego
905,22,183,2024,5/27/2024,10/16/2024,Riego
906,22,134,2024,5/27/2024,10/16/2024,Riego
907,22,89,2024,5/27/2024,10/16/2024,Riego
908,22,83,2024,5/27/2024,10/16/2024,Riego
909,22,154,2024,5/27/2024,10/16/2024,Riego
910,22,1,2024,5/27/2024,10/16/2024,Riego
911,22,109,2024,5/27/2024,10/16/2024,Riego
912,22,9,2024,5/27/2024,10/16/2024,Riego
913,22,48,2024,5/27/2024,10/16/2024,Riego
914,22,81,2024,5/27/2024,10/16/2024,Riego
915,22,84,2024,5/27/2024,10/16/2024,Riego
916,22,131,2024,5/27/2024,10/16/2024,Riego
917,22,122,2024,5/27/2024,10/16/2024,Riego
918,22,169,2024,5/27/2024,10/16/2024,Riego
919,22,93,2024,5/27/2024,10/16/2024,Riego
920,22,170,2024,5/27/2024,10/16/2024,Riego
921,22,11,2024,5/27/2024,10/16/2024,Riego
922,22,171,2024,5/27/2024,10/16/2024,Riego
923,22,114,2024,5/27/2024,10/16/2024,Riego
924,22,117,2024,5/27/2024,10/16/2024,Riego
925,22,7,2024,5/27/2024,10/16/2024,Riego
926,23,69,2024,5/28/2024,10/14/2024,Riego
927,23,18,2024,5/28/2024,10/14/2024,Riego
928,23,147,2024,5/28/2024,10/14/2024,Riego
929,23,183,2024,5/28/2024,10/14/2024,Riego
930,23,89,2024,5/28/2024,10/14/2024,Riego
931,23,190,2024,5/28/2024,10/14/2024,Riego
932,23,134,2024,5/28/2024,10/14/2024,Riego
933,23,109,2024,5/28/2024,10/14/2024,Riego
934,23,195,2024,5/28/2024,10/14/2024,Riego
935,23,164,2024,5/28/2024,10/14/2024,Riego
936,23,9,2024,5/28/2024,10/14/2024,Riego
937,23,135,2024,5/28/2024,10/14/2024,Riego
938,23,154,2024,5/28/2024,10/14/2024,Riego
939,23,48,2024,5/28/2024,10/14/2024,Riego
940,23,83,2024,5/28/2024,10/14/2024,Riego
941,23,84,2024,5/28/2024,10/14/2024,Riego
942,23,81,2024,5/28/2024,10/14/2024,Riego
943,23,122,2024,5/28/2024,10/14/2024,Riego
944,23,169,2024,5/28/2024,10/14/2024,Riego
945,23,131,2024,5/28/2024,10/14/2024,Riego
946,23,1,2024,5/28/2024,10/14/2024,Riego
947,23,93,2024,5/28/2024,10/14/2024,Riego
948,23,11,2024,5/28/2024,10/14/2024,Riego
949,23,170,2024,5/28/2024,10/14/2024,Riego
950,23,171,2024,5/28/2024,10/14/2024,Riego
951,23,117,2024,5/28/2024,10/14/2024,Riego
952,23,114,2024,5/28/2024,10/14/2024,Riego
953,23,7,2024,5/28/2024,10/14/2024,Riego
954,24,122,2024,7/2/2024,11/1/2024,Temporal
955,24,48,2024,7/2/2024,11/1/2024,Temporal
956,24,132,2024,7/2/2024,11/1/2024,Temporal
957,24,83,2024,7/2/2024,11/1/2024,Temporal
958,24,164,2024,7/2/2024,11/1/2024,Temporal
959,24,117,2024,7/2/2024,11/1/2024,Temporal
960,24,18,2024,7/2/2024,11/1/2024,Temporal
961,24,84,2024,7/2/2024,11/1/2024,Temporal
962,24,133,2024,7/2/2024,11/1/2024,Temporal
963,24,100,2024,7/2/2024,11/1/2024,Temporal
964,24,1,2024,7/2/2024,11/1/2024,Temporal
965,24,81,2024,7/2/2024,11/1/2024,Temporal
966,24,170,2024,7/2/2024,11/1/2024,Temporal
967,24,159,2024,7/2/2024,11/1/2024,Temporal
968,24,171,2024,7/2/2024,11/1/2024,Temporal
969,24,11,2024,7/2/2024,11/1/2024,Temporal
970,24,109,2024,7/2/2024,11/1/2024,Temporal
971,24,9,2024,7/2/2024,11/1/2024,Temporal
972,24,93,2024,7/2/2024,11/1/2024,Temporal
973,24,147,2024,7/2/2024,11/1/2024,Temporal
974,24,69,2024,7/2/2024,11/1/2024,Temporal
975,24,89,2024,7/2/2024,11/1/2024,Temporal
976,24,101,2024,7/2/2024,11/1/2024,Temporal
977,24,169,2024,7/2/2024,11/1/2024,Temporal
978,24,183,2024,7/2/2024,11/1/2024,Temporal
979,24,135,2024,7/2/2024,11/1/2024,Temporal
980,24,195,2024,7/2/2024,11/1/2024,Temporal
981,24,154,2024,7/2/2024,11/1/2024,Temporal
982,24,114,2024,7/2/2024,11/1/2024,Temporal
983,24,190,2024,7/2/2024,11/1/2024,Temporal
984,24,99,2024,7/2/2024,11/1/2024,Temporal
985,24,134,2024,7/2/2024,11/1/2024,Temporal
986,24,131,2024,7/2/2024,11/1/2024,Temporal
987,24,8,2024,7/2/2024,11/1/2024,Temporal
988,24,7,2024,7/2/2024,11/1/2024,Temporal
989,25,169,2024,6/28/2024,10/31/2024,Temporal
990,25,81,2024,6/28/2024,10/31/2024,Temporal
991,25,134,2024,6/28/2024,10/31/2024,Temporal
992,25,164,2024,6/28/2024,10/31/2024,Temporal
993,25,159,2024,6/28/2024,10/31/2024,Temporal
994,25,147,2024,6/28/2024,10/31/2024,Temporal
995,25,9,2024,6/28/2024,10/31/2024,Temporal
996,25,99,2024,6/28/2024,10/31/2024,Temporal
997,25,117,2024,6/28/2024,10/31/2024,Temporal
998,25,48,2024,6/28/2024,10/31/2024,Temporal
999,25,109,2024,6/28/2024,10/31/2024,Temporal
1000,25,154,2024,6/28/2024,10/31/2024,Temporal
1001,25,170,2024,6/28/2024,10/31/2024,Temporal
1002,25,101,2024,6/28/2024,10/31/2024,Temporal
1003,25,190,2024,6/28/2024,10/31/2024,Temporal
1004,25,83,2024,6/28/2024,10/31/2024,Temporal
1005,25,89,2024,6/28/2024,10/31/2024,Temporal
1006,25,18,2024,6/28/2024,10/31/2024,Temporal
1007,25,183,2024,6/28/2024,10/31/2024,Temporal
1008,25,100,2024,6/28/2024,10/31/2024,Temporal
1009,25,11,2024,6/28/2024,10/31/2024,Temporal
1010,25,132,2024,6/28/2024,10/31/2024,Temporal
1011,25,131,2024,6/28/2024,10/31/2024,Temporal
1012,25,84,2024,6/28/2024,10/31/2024,Temporal
1013,25,122,2024,6/28/2024,10/31/2024,Temporal
1014,25,195,2024,6/28/2024,10/31/2024,Temporal
1015,25,8,2024,6/28/2024,10/31/2024,Temporal
1016,25,135,2024,6/28/2024,10/31/2024,Temporal
1017,25,171,2024,6/28/2024,10/31/2024,Temporal
1018,25,1,2024,6/28/2024,10/31/2024,Temporal
1019,25,7,2024,6/28/2024,10/31/2024,Temporal
1020,25,69,2024,6/28/2024,10/31/2024,Temporal
1021,25,133,2024,6/28/2024,10/31/2024,Temporal
1022,25,93,2024,6/28/2024,10/31/2024,Temporal
1023,25,114,2024,6/28/2024,10/31/2024,Temporal